City_ID,City,Country,Date,Lat,Lng,Max Temp,Humidity,Cloudiness,Wind Speed
0,East London,ZA,2022-07-31 07:17:59,-33.0153,27.9116,56.34,58,0,16.11
1,Busselton,AU,2022-07-31 07:17:59,-33.65,115.3333,57.63,66,74,12.26
2,Mar Del Plata,AR,2022-07-31 07:17:04,-38.0023,-57.5575,49.87,87,0,8.01
3,Mumford,GH,2022-07-31 07:17:59,5.2618,-0.759,73.94,84,100,9.15
4,Harper,LR,2022-07-31 07:18:00,4.375,-7.7169,75.34,79,97,4.61
5,Zhangye,CN,2022-07-31 07:18:00,38.9342,100.4517,94.73,19,96,7.02
6,Takoradi,GH,2022-07-31 07:15:41,4.8845,-1.7554,74.12,82,100,8.23
7,Agirish,RU,2022-07-31 07:18:00,61.9247,63.0231,71.35,47,100,9.22
8,Bergen,NO,2022-07-31 07:18:01,60.392,5.328,59.07,95,75,4.61
9,Cidreira,BR,2022-07-31 07:18:01,-30.1811,-50.2056,54.46,84,100,8.66
10,Georgetown,MY,2022-07-31 07:13:59,5.4112,100.3354,89.53,77,20,8.05
11,Mataura,NZ,2022-07-31 07:18:02,-46.1927,168.8643,37.85,99,22,3.76
12,Rikitea,PF,2022-07-31 07:16:58,-23.1203,-134.9692,72.54,75,14,17.0
13,Kaitangata,NZ,2022-07-31 07:18:02,-46.2817,169.8464,41.77,89,84,8.32
14,Bose,IT,2022-07-31 07:18:02,45.4612,8.0137,78.76,45,0,2.08
15,Jamestown,US,2022-07-31 07:13:22,42.097,-79.2353,62.71,75,0,1.01
16,Bredasdorp,ZA,2022-07-31 07:16:57,-34.5322,20.0403,50.36,76,92,4.38
17,Punta Arenas,CL,2022-07-31 07:16:55,-53.15,-70.9167,41.11,75,0,18.41
18,Ushuaia,AR,2022-07-31 07:18:03,-54.8,-68.3,42.46,70,40,27.63
19,Merauke,ID,2022-07-31 07:18:04,-8.4667,140.3333,79.92,81,100,18.75
20,Bonavista,CA,2022-07-31 07:18:04,48.6499,-53.1147,60.13,87,100,15.79
21,Aden,YE,2022-07-31 07:18:04,12.7794,45.0367,85.44,74,56,3.89
22,Butaritari,KI,2022-07-31 07:18:05,3.0707,172.7902,81.79,70,65,16.17
23,Daru,PG,2022-07-31 07:18:05,-9.0763,143.2092,77.23,91,38,16.93
24,Santarem,BR,2022-07-31 07:18:05,-2.4431,-54.7083,75.33,100,100,3.44
25,Hobart,AU,2022-07-31 07:18:06,-42.8794,147.3294,53.46,64,100,13.8
26,Havoysund,NO,2022-07-31 07:18:06,70.9963,24.6622,52.03,83,93,8.84
27,Vardo,NO,2022-07-31 07:18:07,70.3705,31.1107,51.78,100,100,8.05
28,Qaanaaq,GL,2022-07-31 07:18:07,77.484,-69.3632,40.23,67,10,7.11
29,Izvestkovyy,RU,2022-07-31 07:18:07,48.9833,131.55,88.03,42,46,7.25
30,Albany,US,2022-07-31 07:13:49,42.6001,-73.9662,63.01,85,0,3.65
31,Longyearbyen,SJ,2022-07-31 07:18:08,78.2186,15.6401,48.04,87,75,3.44
32,Haikou,CN,2022-07-31 07:18:08,20.0458,110.3417,95.13,55,40,13.42
33,Cape Town,ZA,2022-07-31 07:17:08,-33.9258,18.4232,56.37,86,20,3.0
34,Khatanga,RU,2022-07-31 07:18:09,71.9667,102.5,52.84,65,100,12.97
35,Nikolskoye,RU,2022-07-31 07:18:09,59.7035,30.7861,66.78,60,18,5.97
36,Saint-Junien,FR,2022-07-31 07:18:09,45.8833,0.9,72.84,59,0,0.89
37,Cabo San Lucas,MX,2022-07-31 07:13:25,22.8909,-109.9124,84.61,63,88,1.99
38,Puerto Ayora,EC,2022-07-31 07:18:10,-0.7393,-90.3518,67.55,98,72,5.01
39,Bachi-Yurt,RU,2022-07-31 07:18:11,43.22,46.2,85.53,41,0,5.68
40,Millinocket,US,2022-07-31 07:18:11,45.6573,-68.7098,64.51,77,0,8.05
41,Kapaa,US,2022-07-31 07:18:11,22.0752,-159.319,80.58,83,75,14.97
42,Horta,PT,2022-07-31 07:17:53,38.5333,-28.6333,69.44,83,20,6.91
43,Avarua,CK,2022-07-31 07:18:12,-21.2078,-159.775,75.25,73,20,16.11
44,Saint-Philippe,RE,2022-07-31 07:18:12,-21.3585,55.7679,76.59,74,40,16.33
45,Lata,PT,2022-07-31 07:18:12,40.1629,-8.3327,76.05,42,0,2.57
46,Maniitsoq,GL,2022-07-31 07:19:13,65.4167,-52.9,40.84,96,97,13.89
47,Hirara,JP,2022-07-31 07:19:13,24.8,125.2833,85.86,89,75,4.61
48,Saskylakh,RU,2022-07-31 07:19:13,71.9167,114.0833,52.32,86,100,13.02
49,Bodden Town,KY,2022-07-31 07:19:14,19.2833,-81.25,82.92,77,100,1.01
50,Lantana,US,2022-07-31 07:19:14,26.5867,-80.052,84.25,81,40,9.22
51,Nuevo Ideal,MX,2022-07-31 07:19:14,24.8875,-105.0728,63.01,75,100,4.29
52,Imbituba,BR,2022-07-31 07:19:15,-28.24,-48.6703,55.85,99,0,3.71
53,San Isidro,PE,2022-07-31 07:19:15,-12.1167,-77.05,59.02,90,100,6.91
54,Upernavik,GL,2022-07-31 07:19:16,72.7868,-56.1549,45.43,80,100,6.98
55,Saint-Georges,GD,2022-07-31 07:19:17,12.0564,-61.7485,73.08,100,75,34.52
56,Puerto Madero,MX,2022-07-31 07:19:18,14.7208,-92.4215,77.2,100,75,2.3
57,Omboue,GA,2022-07-31 07:19:18,-1.5746,9.2618,74.97,78,74,7.81
58,Boyolangu,ID,2022-07-31 07:19:18,-8.1181,111.8935,82.11,63,100,9.37
59,Tazmalt,DZ,2022-07-31 07:19:19,36.3868,4.3989,87.67,38,56,3.53
60,Bilma,NE,2022-07-31 07:19:19,18.6853,12.9164,89.73,38,80,14.65
61,Sao Joao Da Barra,BR,2022-07-31 07:19:20,-21.6403,-41.0511,60.85,81,0,8.41
62,Bethel,US,2022-07-31 07:19:20,41.3712,-73.414,67.66,88,0,3.44
63,Lakselv,NO,2022-07-31 07:19:20,70.0513,24.9718,53.42,82,100,5.75
64,Mersing,MY,2022-07-31 07:19:21,2.4312,103.8405,85.91,70,40,9.22
65,Murud,IN,2022-07-31 07:19:21,18.3258,72.965,85.15,72,45,10.92
66,Bluff,NZ,2022-07-31 07:17:08,-46.6,168.3333,46.18,73,19,12.5
67,Hwange,ZW,2022-07-31 07:19:22,-18.3693,26.5019,65.55,32,0,3.29
68,Kayerkan,RU,2022-07-31 07:19:22,69.3497,87.7602,50.52,81,100,25.28
69,Saint George,US,2022-07-31 07:19:22,37.1041,-113.5841,73.99,83,0,3.44
70,Olga,RU,2022-07-31 07:19:23,43.7444,135.2892,82.92,75,100,5.23
71,Balaipungut,ID,2022-07-31 07:19:23,1.05,101.2833,90.36,54,22,4.94
72,La Ronge,CA,2022-07-31 07:19:23,55.1001,-105.2842,57.45,88,100,2.3
73,Atuona,PF,2022-07-31 07:19:23,-9.8,-139.0333,76.8,78,14,14.63
74,Traralgon,AU,2022-07-31 07:19:24,-38.1833,146.5333,55.11,57,100,5.46
75,Baton Rouge,US,2022-07-31 07:17:40,30.4508,-91.1545,75.92,94,0,3.44
76,Tiksi,RU,2022-07-31 07:19:24,71.6872,128.8694,52.95,73,100,4.9
77,Esperance,AU,2022-07-31 07:19:25,-33.8667,121.9,59.4,57,7,15.82
78,Lompoc,US,2022-07-31 07:19:25,34.6391,-120.4579,66.34,95,0,3.44
79,Vitim,RU,2022-07-31 07:19:25,59.4511,112.5578,76.62,52,100,1.57
80,Kununurra,AU,2022-07-31 07:19:25,-15.7667,128.7333,91.38,13,98,6.91
81,Hermanus,ZA,2022-07-31 07:19:26,-34.4187,19.2345,53.89,59,99,3.47
82,Qandala,SO,2022-07-31 07:19:26,11.472,49.8728,93.15,44,54,1.54
83,Grindavik,IS,2022-07-31 07:19:27,63.8424,-22.4338,49.95,87,75,8.05
84,Vaini,TO,2022-07-31 07:19:27,-21.2,-175.2,75.36,94,20,6.91
85,Hengyang,CN,2022-07-31 07:19:27,26.8881,112.615,100.08,30,7,2.66
86,Port Alfred,ZA,2022-07-31 07:19:28,-33.5906,26.891,56.17,72,41,7.0
87,Baculin,PH,2022-07-31 07:19:28,7.4525,126.5842,78.6,87,100,2.89
88,Te Anau,NZ,2022-07-31 07:19:29,-45.4167,167.7167,34.38,93,49,0.69
89,Hashtrud,IR,2022-07-31 07:19:29,37.4779,47.0508,79.05,35,97,9.15
90,Ust-Ilimsk,RU,2022-07-31 07:19:29,58.0006,102.6619,71.83,73,46,2.53
91,Miyako,JP,2022-07-31 07:18:21,39.6367,141.9525,82.98,66,12,2.28
92,New Norfolk,AU,2022-07-31 07:20:30,-42.7826,147.0587,53.1,72,100,1.01
93,Gravdal,NO,2022-07-31 07:20:30,68.1214,13.5031,59.16,71,6,7.07
94,Thompson,CA,2022-07-31 07:20:30,55.7435,-97.8558,39.36,93,20,3.44
95,Ballina,AU,2022-07-31 07:20:31,-28.8667,153.5667,60.84,89,90,9.86
96,Piranshahr,IR,2022-07-31 07:20:31,36.701,45.1413,89.04,23,0,3.29
97,Chokurdakh,RU,2022-07-31 07:20:31,70.6333,147.9167,72.61,39,7,6.26
98,Nishihara,JP,2022-07-31 07:15:33,26.1842,127.7558,80.65,88,100,24.16
99,Pisco,PE,2022-07-31 07:20:31,-13.7,-76.2167,56.01,87,0,2.3
100,Port Elizabeth,ZA,2022-07-31 07:20:32,-33.918,25.5701,54.32,78,20,20.71
101,De Aar,ZA,2022-07-31 07:20:32,-30.6497,24.0123,42.55,57,0,7.76
102,Ludza,LV,2022-07-31 07:20:32,56.55,27.7167,64.85,54,100,3.33
103,Kieta,PG,2022-07-31 07:20:33,-6.2167,155.6333,81.28,82,35,8.43
104,Whitehorse,CA,2022-07-31 07:20:33,60.7161,-135.0538,63.37,63,75,4.61
105,Arraial Do Cabo,BR,2022-07-31 07:20:33,-22.9661,-42.0278,66.15,66,1,10.87
106,Brownsville,US,2022-07-31 07:18:48,25.9018,-97.4975,82.9,86,0,1.01
107,Moerai,PF,2022-07-31 07:20:34,-22.4333,-151.3333,72.39,76,80,24.2
108,Bonthe,SL,2022-07-31 07:20:34,7.5264,-12.505,74.86,78,100,2.59
109,Bambous Virieux,MU,2022-07-31 07:20:34,-20.3428,57.7575,75.45,64,75,21.85
110,Dikson,RU,2022-07-31 07:20:35,73.5069,80.5464,41.7,92,100,11.88
111,Hofn,IS,2022-07-31 07:20:35,64.2539,-15.2082,49.62,55,14,8.81
112,Borogontsy,RU,2022-07-31 07:20:35,62.6683,131.1683,84.24,43,15,6.67
113,Valparai,IN,2022-07-31 07:20:36,10.3667,76.9667,75.33,71,100,4.23
114,Chichimila,MX,2022-07-31 07:20:36,20.6167,-88.2167,72.43,98,33,2.37
115,Barrow,US,2022-07-31 07:17:07,71.2906,-156.7887,36.46,91,88,6.78
116,Vila Franca Do Campo,PT,2022-07-31 07:20:36,37.7167,-25.4333,68.41,86,37,5.5
117,Porto Novo,BJ,2022-07-31 07:20:37,6.4965,2.6036,76.82,81,100,8.84
118,Cap Malheureux,MU,2022-07-31 07:20:37,-19.9842,57.6142,71.47,72,98,10.0
119,Nuuk,GL,2022-07-31 07:20:37,64.1835,-51.7216,43.41,87,75,11.5
120,Mana,GF,2022-07-31 07:20:38,5.6592,-53.7767,76.39,88,45,6.46
121,Kahului,US,2022-07-31 07:20:38,20.8947,-156.47,78.82,69,0,19.57
122,Zaranj,AF,2022-07-31 07:20:38,30.9667,61.8833,100.36,17,3,31.92
123,Zhirnovsk,RU,2022-07-31 07:20:38,50.9845,44.7735,77.16,55,81,11.25
124,Sitka,US,2022-07-31 07:20:39,57.0531,-135.33,58.89,88,100,9.22
125,Taoudenni,ML,2022-07-31 07:20:39,22.6783,-3.9836,93.09,35,13,7.23
126,Sao Filipe,CV,2022-07-31 07:20:39,14.8961,-24.4956,76.32,80,100,6.38
127,Richards Bay,ZA,2022-07-31 07:20:40,-28.783,32.0377,64.36,84,99,11.56
128,Darhan,MN,2022-07-31 07:20:40,49.4867,105.9228,83.57,37,5,5.03
129,Nobeoka,JP,2022-07-31 07:15:49,32.5833,131.6667,82.18,87,23,13.4
130,Beloha,MG,2022-07-31 07:20:40,-25.1667,45.05,77.94,50,0,1.25
131,Mayor Pablo Lagerenza,PY,2022-07-31 07:20:41,-19.9309,-60.7718,59.43,54,5,4.63
132,Salalah,OM,2022-07-31 07:20:41,17.0151,54.0924,80.69,74,75,12.66
133,Trincomalee,LK,2022-07-31 07:20:41,8.5711,81.2335,82.4,75,100,8.77
134,Bathsheba,BB,2022-07-31 07:20:41,13.2167,-59.5167,83.01,94,40,23.02
135,Carnarvon,AU,2022-07-31 07:20:42,-24.8667,113.6333,73.53,36,100,1.12
136,Kambove,CD,2022-07-31 07:20:42,-10.8764,26.5969,68.94,36,3,4.56
137,Concepcion Del Oro,MX,2022-07-31 07:20:42,24.6333,-101.4167,61.07,56,66,6.69
138,San Quintin,MX,2022-07-31 07:21:43,30.4833,-115.95,68.63,82,6,5.5
139,Anloga,GH,2022-07-31 07:21:43,5.7947,0.8973,75.11,83,99,14.7
140,Itarema,BR,2022-07-31 07:21:44,-2.9248,-39.9167,75.79,88,60,9.93
141,Deputatskiy,RU,2022-07-31 07:21:44,69.3,139.9,72.28,48,68,4.14
142,Ancud,CL,2022-07-31 07:21:44,-41.8697,-73.8203,40.23,87,100,4.18
143,Thaba-Tseka,LS,2022-07-31 07:21:44,-29.522,28.6084,41.85,47,0,5.12
144,Powell,US,2022-07-31 07:18:24,40.1578,-83.0752,64.9,92,0,0.0
145,Hambantota,LK,2022-07-31 07:21:45,6.1241,81.1185,84.49,70,81,21.77
146,Honiara,SB,2022-07-31 07:21:45,-9.4333,159.95,81.59,80,44,7.4
147,Matara,LK,2022-07-31 07:19:01,5.9485,80.5353,83.26,73,100,13.49
148,Ucluelet,CA,2022-07-31 07:21:46,48.9329,-125.5528,60.1,89,0,3.38
149,Leninsk-Kuznetskiy,RU,2022-07-31 07:21:46,54.6567,86.1737,77.94,57,61,7.2
150,Afsin,TR,2022-07-31 07:21:46,38.2477,36.914,81.5,21,0,2.8
151,Castro,BR,2022-07-31 07:21:47,-24.7911,-50.0119,42.39,89,5,3.0
152,Riyadh,SA,2022-07-31 07:19:59,24.6877,46.7219,96.94,42,84,8.25
153,Broken Hill,AU,2022-07-31 07:21:47,-31.95,141.4333,60.75,39,72,22.08
154,Huarmey,PE,2022-07-31 07:21:47,-10.0681,-78.1522,61.79,88,17,7.54
155,Norman Wells,CA,2022-07-31 07:21:48,65.282,-126.8329,57.24,62,20,8.05
156,Gao,ML,2022-07-31 07:21:48,16.6362,1.637,88.84,38,25,10.98
157,Tasiilaq,GL,2022-07-31 07:21:48,65.6145,-37.6368,42.96,58,19,6.87
158,Codrington,AU,2022-07-31 07:21:48,-38.2667,141.9667,52.79,69,100,19.66
159,Akyab,MM,2022-07-31 07:21:49,20.15,92.9,86.92,69,100,9.48
160,Kungurtug,RU,2022-07-31 07:21:49,50.5994,97.5228,81.52,25,46,5.48
161,Hithadhoo,MV,2022-07-31 07:17:04,-0.6,73.0833,78.8,81,100,16.51
162,Pushchino,RU,2022-07-31 07:21:49,54.8339,37.6264,70.0,48,6,2.42
163,Cherskiy,RU,2022-07-31 07:21:50,68.75,161.3,69.1,35,5,10.2
164,Christchurch,NZ,2022-07-31 07:19:43,-43.5333,172.6333,45.91,64,100,6.91
165,Lere,NG,2022-07-31 07:21:50,10.387,8.5726,66.56,87,100,4.38
166,Padang,ID,2022-07-31 07:21:50,-0.9492,100.3543,87.85,67,16,6.42
167,Aquiraz,BR,2022-07-31 07:21:51,-3.9014,-38.3911,75.29,91,86,8.43
168,Megion,RU,2022-07-31 07:21:51,61.0296,76.1136,66.22,39,100,17.4
169,Kondoa,TZ,2022-07-31 07:21:51,-4.9,35.7833,68.13,60,55,7.36
170,Ouegoa,NC,2022-07-31 07:21:52,-20.35,164.4333,71.44,77,100,10.4
171,Marsa Matruh,EG,2022-07-31 07:21:52,31.3525,27.2453,84.4,65,20,10.36
172,Havre-Saint-Pierre,CA,2022-07-31 07:21:52,50.2334,-63.5986,59.36,94,0,12.66
173,Ferrol,ES,2022-07-31 07:21:53,43.4832,-8.2369,67.68,92,14,9.6
174,Hilo,US,2022-07-31 07:17:00,19.7297,-155.09,75.25,87,100,1.01
175,Yulara,AU,2022-07-31 07:21:53,-25.2406,130.9889,69.89,21,0,10.13
176,Puerto Leguizamo,CO,2022-07-31 07:21:53,-0.1934,-74.7819,69.42,98,47,1.03
177,Tuktoyaktuk,CA,2022-07-31 07:21:54,69.4541,-133.0374,42.3,73,11,10.45
178,Baker City,US,2022-07-31 07:21:54,44.7749,-117.8344,81.64,56,0,0.0
179,Cuenca,EC,2022-07-31 07:19:25,-2.8833,-78.9833,55.53,82,90,0.0
180,Ostrovnoy,RU,2022-07-31 07:21:54,68.0531,39.5131,65.61,67,27,11.74
181,Oistins,BB,2022-07-31 07:21:55,13.0667,-59.5333,82.49,89,40,23.02
182,Mahebourg,MU,2022-07-31 07:21:55,-20.4081,57.7,75.49,64,75,21.85
183,Port Blair,IN,2022-07-31 07:21:55,11.6667,92.75,84.24,84,40,13.8
184,Yellowknife,CA,2022-07-31 07:20:58,62.456,-114.3525,48.72,93,20,5.75
185,Comodoro Rivadavia,AR,2022-07-31 07:22:15,-45.8667,-67.5,42.66,49,0,16.11
186,Korla,CN,2022-07-31 07:22:56,41.7597,86.1469,91.2,21,100,5.03
187,Gilgit,PK,2022-07-31 07:22:56,35.9221,74.3087,88.09,38,42,3.98
188,Manokwari,ID,2022-07-31 07:22:57,-0.8667,134.0833,83.3,71,100,9.57
189,Constitucion,CL,2022-07-31 07:18:06,-35.3333,-72.4167,49.23,90,11,4.63
190,Kavieng,PG,2022-07-31 07:22:57,-2.5744,150.7967,83.84,70,100,10.69
191,Novikovo,RU,2022-07-31 07:22:57,51.1537,37.8879,74.5,47,41,8.28
192,Quesnel,CA,2022-07-31 07:22:28,52.9999,-122.5029,66.7,77,75,2.3
193,Mongo,TD,2022-07-31 07:22:58,12.1844,18.693,78.46,71,100,5.19
194,Russell,US,2022-07-31 07:20:17,32.3502,-85.1999,74.43,94,0,0.0
195,Areka,ET,2022-07-31 07:22:58,7.0667,37.7,64.53,81,98,3.4
196,Coruripe,BR,2022-07-31 07:22:59,-10.1256,-36.1756,73.31,88,21,9.17
197,Bambui,BR,2022-07-31 07:22:59,-20.0064,-45.9769,59.32,57,0,4.81
198,Austin,US,2022-07-31 07:20:53,30.2672,-97.7431,83.52,72,20,9.22
199,Kruisfontein,ZA,2022-07-31 07:22:59,-34.0033,24.7314,51.85,74,82,14.72
200,Port Macquarie,AU,2022-07-31 07:23:00,-31.4333,152.9167,58.89,64,100,13.73
201,Dunedin,NZ,2022-07-31 07:23:00,-45.8742,170.5036,43.81,80,100,8.01
202,Dingle,PH,2022-07-31 07:23:01,10.9995,122.6711,86.31,72,95,9.64
203,Baruun-Urt,MN,2022-07-31 07:23:01,46.6806,113.2792,82.36,29,0,8.72
204,Roura,GF,2022-07-31 07:23:01,4.7263,-52.3274,75.96,94,75,0.0
205,Tibati,CM,2022-07-31 07:23:01,6.4667,12.6333,66.97,95,64,3.47
206,Nueva Armenia,HN,2022-07-31 07:23:02,15.7956,-86.4985,75.33,94,85,5.3
207,Robertsport,LR,2022-07-31 07:23:02,6.7533,-11.3686,75.9,73,20,3.78
208,Leninsk,RU,2022-07-31 07:23:03,48.7119,45.1994,87.6,34,99,9.42
209,Faanui,PF,2022-07-31 07:23:03,-16.4833,-151.75,79.02,73,3,25.52
210,Tanout,NE,2022-07-31 07:23:03,14.9709,8.8879,78.1,63,100,14.72
211,Kamenka,RU,2022-07-31 07:23:04,51.3223,42.7678,76.91,44,0,15.73
212,Araouane,ML,2022-07-31 07:23:04,18.9048,-3.5265,87.46,48,13,14.5
213,Guerrero Negro,MX,2022-07-31 07:23:04,27.9769,-114.0611,70.32,78,1,7.18
214,Ponta Do Sol,PT,2022-07-31 07:23:05,32.6667,-17.1,70.72,77,16,4.76
215,Tabas,IR,2022-07-31 07:23:05,33.5959,56.9244,100.62,18,0,9.22
216,Kattivakkam,IN,2022-07-31 07:23:05,13.2167,80.3167,93.29,76,100,12.93
217,Zhigansk,RU,2022-07-31 07:23:05,66.7697,123.3711,77.65,45,10,17.65
218,Dickinson,US,2022-07-31 07:23:06,29.4608,-95.0513,84.94,85,0,4.61
219,Magadan,RU,2022-07-31 07:22:32,59.5667,150.8,58.53,90,100,6.76
220,Souillac,MU,2022-07-31 07:23:06,-20.5167,57.5167,75.58,64,75,21.85
221,Kurumkan,RU,2022-07-31 07:23:07,54.3,110.3,65.48,86,100,4.21
222,Visby,SE,2022-07-31 07:18:52,57.6409,18.296,70.05,52,0,6.91
223,Thabazimbi,ZA,2022-07-31 07:23:07,-24.5917,27.4116,65.21,24,6,3.62
224,Tripoli,LY,2022-07-31 07:22:06,32.8752,13.1875,84.54,57,0,3.78
225,Yancheng,CN,2022-07-31 07:23:08,33.3856,120.1253,83.48,83,54,12.5
226,Camocim,BR,2022-07-31 07:23:08,-2.9022,-40.8411,74.16,93,100,8.57
227,Claremore,US,2022-07-31 07:23:08,36.3126,-95.6161,78.93,91,20,1.01
228,Pinega,RU,2022-07-31 07:23:09,64.7001,43.3936,70.59,54,61,4.25
229,Touros,BR,2022-07-31 07:23:09,-5.1989,-35.4608,75.43,87,92,9.1
230,Vikulovo,RU,2022-07-31 07:24:10,56.8167,70.6107,72.77,69,98,7.36
231,Bengkulu,ID,2022-07-31 07:24:10,-3.8004,102.2655,84.13,70,75,7.81
232,Severo-Kurilsk,RU,2022-07-31 07:24:10,50.6789,156.125,54.84,83,65,11.39
233,Grand Gaube,MU,2022-07-31 07:24:11,-20.0064,57.6608,75.6,75,100,8.99
234,Cayenne,GF,2022-07-31 07:24:11,4.9333,-52.3333,76.08,1,75,0.0
235,Ixtapa,MX,2022-07-31 07:24:12,20.7,-105.2,76.23,100,100,1.01
236,Voh,NC,2022-07-31 07:24:12,-20.9667,164.7,68.11,77,50,13.91
237,Cananeia,BR,2022-07-31 07:24:12,-25.0147,-47.9267,55.56,86,47,1.92
238,Sabang,ID,2022-07-31 07:24:12,5.8933,95.3214,82.63,74,100,21.63
239,Ulladulla,AU,2022-07-31 07:24:13,-35.35,150.4667,58.37,68,100,11.01
240,Schwalmstadt,DE,2022-07-31 07:24:13,50.9333,9.2167,67.59,57,99,3.53
241,Evensk,RU,2022-07-31 07:24:13,61.95,159.2333,55.06,80,77,10.42
242,Coalinga,US,2022-07-31 07:24:14,36.1397,-120.3602,80.85,40,100,5.95
243,Angoram,PG,2022-07-31 07:24:14,-4.0625,144.0661,85.46,67,50,6.35
244,Kundiawa,PG,2022-07-31 07:23:13,-6.0167,144.9667,69.35,88,68,0.83
245,Chipinge,ZW,2022-07-31 07:24:14,-20.1883,32.6236,68.86,24,0,2.04
246,Vestmannaeyjar,IS,2022-07-31 07:24:15,63.4427,-20.2734,50.29,75,93,11.03
247,Makow Mazowiecki,PL,2022-07-31 07:24:15,52.8649,21.1005,59.9,97,100,13.78
248,Igarka,RU,2022-07-31 07:24:16,67.4667,86.5833,49.39,74,100,24.9
249,Necochea,AR,2022-07-31 07:24:16,-38.5473,-58.7368,48.07,83,100,5.44
250,Nenjiang,CN,2022-07-31 07:24:16,49.1833,125.2167,73.89,90,100,11.56
251,Hualmay,PE,2022-07-31 07:24:17,-11.0964,-77.6139,60.58,87,36,8.63
252,Portland,US,2022-07-31 07:24:17,45.5234,-122.6762,81.34,56,0,3.44
253,Karratha,AU,2022-07-31 07:24:18,-20.7377,116.8463,79.16,29,8,16.44
254,Ahuimanu,US,2022-07-31 07:24:18,21.4447,-157.8378,80.31,79,20,14.97
255,Kemin,KG,2022-07-31 07:24:19,42.7846,75.6892,79.09,35,25,5.35
256,Shaoyang,CN,2022-07-31 07:24:19,27.2315,111.4525,93.63,43,20,0.92
257,Springbok,ZA,2022-07-31 07:24:19,-29.6643,17.8865,40.44,61,3,7.54
258,Andenes,NO,2022-07-31 07:24:08,69.3143,16.1194,62.58,59,37,13.8
259,Saint-Pierre,RE,2022-07-31 07:24:20,-21.3393,55.4781,76.68,56,75,3.44
260,Sobolevo,RU,2022-07-31 07:24:20,54.4299,31.8996,65.46,68,100,5.14
261,Lagoa,PT,2022-07-31 07:24:21,39.05,-27.9833,72.18,70,0,2.75
262,Ilulissat,GL,2022-07-31 07:24:21,69.2167,-51.1,44.62,81,100,2.3
263,Labuhan,ID,2022-07-31 07:24:21,-6.8844,112.2051,85.82,58,48,9.6
264,Pakxe,LA,2022-07-31 07:24:22,15.1167,105.7833,77.14,94,75,4.61
265,Gondal,IN,2022-07-31 07:24:22,21.9667,70.8,86.95,58,90,15.01
266,Haines Junction,CA,2022-07-31 07:24:22,60.7522,-137.5108,53.55,87,51,0.0
267,Aklavik,CA,2022-07-31 07:24:23,68.2191,-135.0107,46.89,81,33,4.25
268,Nara,JP,2022-07-31 07:24:23,34.6851,135.8049,95.5,33,100,7.34
269,Faya,SA,2022-07-31 07:24:23,18.3851,42.4509,75.31,42,22,3.4
270,Namibe,AO,2022-07-31 07:24:24,-15.1961,12.1522,61.54,85,23,3.53
271,Aswan,EG,2022-07-31 07:24:24,24.0934,32.907,94.3,16,0,4.61
272,Husavik,IS,2022-07-31 07:24:25,66.0449,-17.3389,45.05,80,100,18.63
273,Tete,MZ,2022-07-31 07:24:25,-16.1564,33.5867,69.89,64,20,4.61
274,Swindon,GB,2022-07-31 07:25:25,51.558,-1.7812,67.39,91,100,6.91
275,Provideniya,RU,2022-07-31 07:25:25,64.3833,-173.3,50.79,74,49,4.0
276,Gaoua,BF,2022-07-31 07:25:26,10.2992,-3.2508,74.12,84,100,4.36
277,Shimoda,JP,2022-07-31 07:25:26,34.6667,138.95,88.16,74,6,14.0
278,Clyde River,CA,2022-07-31 07:22:34,70.4692,-68.5914,34.03,100,100,9.22
279,Torbay,CA,2022-07-31 07:25:27,47.6666,-52.7314,64.58,90,75,16.11
280,Zirandaro,MX,2022-07-31 07:25:27,18.45,-100.9833,71.85,98,90,1.23
281,Hudson Bay,CA,2022-07-31 07:25:27,52.85,-102.3842,54.5,99,100,5.7
282,Sola,VU,2022-07-31 07:25:28,-13.8833,167.55,80.24,74,100,11.54
283,Lavrentiya,RU,2022-07-31 07:25:28,65.5833,-171.0,44.89,81,28,5.35
284,Margate,GB,2022-07-31 07:20:39,51.3813,1.3862,68.9,82,100,3.0
285,Uri,IN,2022-07-31 07:25:28,34.0833,74.0333,79.27,75,41,5.32
286,Lingao,CN,2022-07-31 07:25:28,19.9103,109.6859,89.4,59,71,6.11
287,Coihaique,CL,2022-07-31 07:25:29,-45.5752,-72.0662,29.01,98,99,3.98
288,Saint-Augustin,CA,2022-07-31 07:25:29,51.226,-58.6502,59.38,92,58,9.62
289,Inhambane,MZ,2022-07-31 07:25:29,-23.865,35.3833,73.38,73,20,12.66
290,Salinopolis,BR,2022-07-31 07:25:30,-0.6136,-47.3561,78.08,85,30,8.86
291,Klaksvik,FO,2022-07-31 07:25:30,62.2266,-6.589,52.72,82,7,20.13
292,Monrovia,LR,2022-07-31 07:24:53,6.3005,-10.7969,73.17,74,98,2.71
293,Chuy,UY,2022-07-31 07:25:30,-33.6971,-53.4616,47.57,80,100,1.52
294,Lodwar,KE,2022-07-31 07:25:31,3.1191,35.5973,84.43,45,47,8.59
295,Rawson,AR,2022-07-31 07:25:31,-43.3002,-65.1023,41.76,64,20,7.2
296,Homer,US,2022-07-31 07:25:31,59.6425,-151.5483,56.77,95,100,4.61
297,Muros,ES,2022-07-31 07:25:32,42.7762,-9.0603,71.1,69,0,10.13
298,Katsuura,JP,2022-07-31 07:25:32,35.1333,140.3,85.84,74,0,15.82
299,Dombas,NO,2022-07-31 07:25:32,62.0696,9.1235,58.39,67,29,5.12
300,Haimen,CN,2022-07-31 07:25:33,23.1935,116.6142,80.49,66,31,13.31
301,Lorengau,PG,2022-07-31 07:25:33,-2.0226,147.2712,83.64,71,52,10.33
302,College,US,2022-07-31 07:25:33,64.8569,-147.8028,66.2,70,100,8.05
303,San Patricio,US,2022-07-31 07:25:34,28.017,-97.5169,85.89,79,82,10.22
304,Benguela,AO,2022-07-31 07:25:34,-12.5763,13.4055,68.76,76,36,1.12
305,Jingdezhen,CN,2022-07-31 07:25:34,29.2947,117.2079,95.38,38,9,8.25
306,Cumpas,MX,2022-07-31 07:25:35,29.9833,-109.7833,74.26,83,98,0.89
307,Kutum,SD,2022-07-31 07:25:35,14.2,24.6667,73.89,65,100,13.0
308,San Vicente,AR,2022-07-31 07:25:35,-26.6167,-54.1333,43.75,79,5,2.13
309,Cabra,ES,2022-07-31 07:25:35,37.4725,-4.4421,78.66,56,0,2.57
310,Baykit,RU,2022-07-31 07:21:06,61.67,96.37,76.93,72,60,5.53
311,Ketchikan,US,2022-07-31 07:25:36,55.3422,-131.6461,63.07,100,100,0.0
312,Santa Rosa,PH,2022-07-31 07:25:36,14.3122,121.1114,84.18,78,91,5.41
313,Antalaha,MG,2022-07-31 07:25:37,-14.9003,50.2788,72.93,76,68,8.14
314,Matiguas,NI,2022-07-31 07:25:37,12.8373,-85.4622,71.02,98,87,5.08
315,Gamba,GA,2022-07-31 07:25:37,-2.65,10.0,73.35,84,100,7.09
316,Clarence Town,AU,2022-07-31 07:25:37,-32.5833,151.7833,61.86,73,100,0.76
317,Abatskoye,RU,2022-07-31 07:25:38,56.2875,70.4555,75.47,61,18,10.58
318,Adamovka,RU,2022-07-31 07:25:38,51.5223,59.9396,76.55,44,12,9.26
319,Nagyhalasz,HU,2022-07-31 07:25:38,48.1333,21.7667,68.76,77,64,11.36
320,Jalu,LY,2022-07-31 07:25:39,29.0331,21.5482,87.46,31,0,8.63
321,Jogindarnagar,IN,2022-07-31 07:26:39,31.9833,76.7667,73.47,93,100,1.21
322,Olkhovatka,RU,2022-07-31 07:26:39,50.2831,39.2872,77.56,41,45,12.33
323,Ahipara,NZ,2022-07-31 07:23:10,-35.1667,173.1667,53.49,62,5,15.05
324,Talcahuano,CL,2022-07-31 07:26:40,-36.7167,-73.1167,46.08,93,100,2.3
325,Ziarat,PK,2022-07-31 07:26:40,30.3823,67.7282,72.07,55,56,5.73
326,Ust-Kuyga,RU,2022-07-31 07:26:40,70.0167,135.6,78.51,42,100,6.69
327,Hay River,CA,2022-07-31 07:26:41,60.8156,-115.7999,58.98,77,78,5.75
328,Camana,PE,2022-07-31 07:26:29,-16.6228,-72.7111,58.28,84,1,7.38
329,Ribeira Grande,PT,2022-07-31 07:26:41,38.5167,-28.7,70.2,83,20,6.91
330,Umea,SE,2022-07-31 07:26:41,63.8284,20.2597,64.33,72,0,5.75
331,Naples,IT,2022-07-31 07:23:17,40.8333,14.25,85.14,66,0,8.05
332,Neiafu,TO,2022-07-31 07:26:42,-18.65,-173.9833,78.67,81,76,16.62
333,Divnomorskoye,RU,2022-07-31 07:26:42,44.5011,38.1353,82.54,64,2,3.13
334,Fairbanks,US,2022-07-31 07:26:42,64.8378,-147.7164,66.22,70,40,8.05
335,Fortuna,US,2022-07-31 07:26:43,40.5982,-124.1573,59.99,88,91,1.03
336,Morehead,US,2022-07-31 07:25:47,37.2711,-87.1764,70.0,99,100,4.61
337,Maningrida,AU,2022-07-31 07:26:43,-12.0667,134.2667,81.66,60,100,12.84
338,Houma,US,2022-07-31 07:22:42,29.5958,-90.7195,77.0,95,0,0.0
339,Bubaque,GW,2022-07-31 07:26:43,11.2833,-15.8333,78.96,80,99,14.18
340,Kaduqli,SD,2022-07-31 07:26:44,11.0167,29.7167,76.87,79,97,11.07
341,Batagay,RU,2022-07-31 07:26:44,67.6333,134.6333,80.92,50,100,2.19
342,Palora,EC,2022-07-31 07:26:44,-1.7,-77.9333,65.26,85,65,2.53
343,Surenavan,AM,2022-07-31 07:26:45,39.75,44.8,88.45,32,20,1.45
344,Lebu,CL,2022-07-31 07:26:45,-37.6167,-73.65,46.18,87,100,1.52
345,Kuusamo,FI,2022-07-31 07:26:45,65.9667,29.1833,53.64,100,100,8.05
346,Biltine,TD,2022-07-31 07:26:46,14.5333,20.9167,74.19,80,100,10.83
347,Caraz,PE,2022-07-31 07:26:46,-9.0486,-77.81,59.13,68,0,2.08
348,Mogadishu,SO,2022-07-31 07:23:55,2.0371,45.3438,82.27,69,20,17.27
349,Maragogi,BR,2022-07-31 07:22:32,-9.0122,-35.2225,75.0,85,96,7.7
350,Boralday,KZ,2022-07-31 07:26:46,43.3578,76.8594,82.26,34,75,4.47
351,Saldanha,ZA,2022-07-31 07:26:47,-33.0117,17.9442,46.45,74,0,8.37
352,Parana,AR,2022-07-31 07:26:47,-31.732,-60.5238,53.56,75,100,6.49
353,Ouesso,CG,2022-07-31 07:26:47,1.6136,16.0517,76.71,68,94,5.26
354,Tagusao,PH,2022-07-31 07:26:48,9.1924,117.8141,83.19,78,100,7.61
355,Goderich,CA,2022-07-31 07:26:42,43.7501,-81.7165,66.9,82,0,14.0
356,Sochi,RU,2022-07-31 07:26:48,43.6,39.7303,80.1,75,0,4.0
357,Atar,MR,2022-07-31 07:26:48,20.5169,-13.0499,82.62,63,5,5.23
358,Kaduna,NG,2022-07-31 07:22:20,10.5222,7.4383,67.55,89,100,5.41
359,Wuhan,CN,2022-07-31 07:26:49,30.5833,114.2667,93.29,38,5,7.54
360,Burgos,ES,2022-07-31 07:26:49,42.3394,-3.7079,63.01,77,20,14.97
361,Novobirilyussy,RU,2022-07-31 07:26:49,56.9514,90.6661,74.23,84,77,5.91
362,Petrov Val,RU,2022-07-31 07:26:50,50.1434,45.2096,80.13,48,99,8.55
363,Abha,SA,2022-07-31 07:26:50,18.2164,42.5053,75.02,60,40,11.5
364,Yambio,SS,2022-07-31 07:26:50,4.5721,28.3955,68.68,91,100,4.38
365,Hasaki,JP,2022-07-31 07:26:51,35.7333,140.8333,95.29,73,5,10.6
366,Lasa,IT,2022-07-31 07:27:51,46.6166,10.7002,64.36,62,40,5.61
367,Fairview,US,2022-07-31 07:27:51,40.8126,-73.999,77.25,62,0,6.91
368,Wilmington,US,2022-07-31 07:27:52,34.2257,-77.9447,81.86,89,75,3.44
369,Bekhtery,UA,2022-07-31 07:27:52,46.251,32.2927,84.36,32,13,10.51
370,Paoua,CF,2022-07-31 07:27:52,7.2427,16.4406,71.56,88,100,3.6
371,Madang,PG,2022-07-31 07:27:52,-5.2246,145.7966,83.01,75,26,9.37
372,Norfolk,US,2022-07-31 07:26:15,42.1668,-71.2495,69.48,84,0,3.94
373,Airai,TL,2022-07-31 07:27:53,-8.9266,125.4092,69.24,64,97,2.93
374,Muisne,EC,2022-07-31 07:27:53,0.6,-80.0333,74.05,90,100,10.63
375,Fukue,JP,2022-07-31 07:27:53,32.6881,128.8419,82.76,89,75,14.97
376,Katherine,AU,2022-07-31 07:27:54,-14.4667,132.2667,89.92,20,94,5.75
377,Ishigaki,JP,2022-07-31 07:27:54,24.3448,124.1572,87.93,79,75,5.75
378,Victoria,HK,2022-07-31 07:24:27,22.2855,114.1577,93.38,68,7,10.0
379,Mount Isa,AU,2022-07-31 07:27:54,-20.7333,139.5,82.17,16,100,9.22
380,Awjilah,LY,2022-07-31 07:27:55,29.1081,21.2869,87.01,33,0,8.41
381,Hasanabad,IR,2022-07-31 07:27:55,36.5465,61.0543,96.28,21,5,10.76
382,Leh,IN,2022-07-31 07:27:55,34.1667,77.5833,67.95,40,90,7.85
383,Porto Belo,BR,2022-07-31 07:27:56,-27.1578,-48.5531,52.16,87,0,4.9
384,Nanortalik,GL,2022-07-31 07:27:56,60.1432,-45.2371,43.54,92,88,4.27
385,Balikpapan,ID,2022-07-31 07:27:56,-1.2675,116.8289,79.79,89,20,6.91
386,Meulaboh,ID,2022-07-31 07:27:57,4.1363,96.1285,86.11,62,89,6.73
387,Codajas,BR,2022-07-31 07:27:57,-3.8367,-62.0569,71.85,89,100,3.15
388,Beringovskiy,RU,2022-07-31 07:27:57,63.05,179.3167,51.08,71,100,1.25
389,Harrismith,ZA,2022-07-31 07:27:58,-28.2728,29.1295,52.3,44,65,4.94
390,Aktash,RU,2022-07-31 07:27:58,50.3,87.7333,61.86,43,100,3.71
391,Egvekinot,RU,2022-07-31 07:27:58,66.3167,-179.1667,51.22,52,100,2.59
392,Grand Island,US,2022-07-31 07:27:58,40.925,-98.342,67.19,77,0,9.22
393,Ayia Galini,GR,2022-07-31 07:27:59,35.1,24.6833,85.84,35,0,2.95
394,Darab,IR,2022-07-31 07:27:59,28.7519,54.5444,89.83,39,27,1.39
395,Moron,AR,2022-07-31 07:27:59,-34.6534,-58.6198,55.96,81,100,2.64
396,Kalmunai,LK,2022-07-31 07:28:00,7.4167,81.8167,87.06,60,97,3.02
397,Yumen,CN,2022-07-31 07:28:00,40.2833,97.2,93.34,18,84,17.56
398,Filimonovo,RU,2022-07-31 07:28:00,56.2011,95.4611,79.14,58,96,11.95
399,Sikasso,ML,2022-07-31 07:28:01,10.9167,-7.0,72.84,92,100,2.71
400,Hami,CN,2022-07-31 07:28:01,42.8,93.45,93.94,19,43,7.52
401,Dhar,IN,2022-07-31 07:28:01,22.6,75.3,84.7,63,62,12.75
402,Damghan,IR,2022-07-31 07:28:02,36.1683,54.348,84.04,23,0,4.68
403,Saint-Francois,FR,2022-07-31 07:28:02,46.4154,3.9054,72.68,60,0,1.14
404,Mayo,US,2022-07-31 07:28:02,38.8876,-76.5119,76.17,85,0,1.01
405,Yuzhno-Kurilsk,RU,2022-07-31 07:28:03,44.0306,145.8556,67.95,87,58,16.42
406,Talnakh,RU,2022-07-31 07:28:03,69.4865,88.3972,51.21,67,89,22.03
407,Mingyue,CN,2022-07-31 07:28:04,43.1069,128.9217,81.84,80,100,5.37
408,Fort Nelson,CA,2022-07-31 07:28:04,58.8053,-122.7002,63.99,72,75,2.3
409,Macusani,PE,2022-07-31 07:28:04,-14.0833,-70.4333,36.14,33,1,4.21
410,Tuatapere,NZ,2022-07-31 07:28:05,-46.1333,167.6833,41.97,89,56,7.18
411,Pangnirtung,CA,2022-07-31 07:29:05,66.1451,-65.7125,49.03,96,100,1.3
412,Marawi,PH,2022-07-31 07:29:05,7.9986,124.2928,75.78,89,100,0.81
413,Elizabeth City,US,2022-07-31 07:29:06,36.2946,-76.2511,74.01,96,22,2.08
414,Beira,MZ,2022-07-31 07:29:06,-19.8436,34.8389,69.89,83,20,4.61
415,Iqaluit,CA,2022-07-31 07:29:06,63.7506,-68.5145,42.53,93,100,0.0
416,Chelmno,PL,2022-07-31 07:29:07,53.3485,18.4251,62.22,92,100,5.99
417,Tura,IN,2022-07-31 07:29:07,25.5198,90.2201,74.93,98,100,4.63
418,Jasper,US,2022-07-31 07:29:07,37.2001,-94.3502,73.45,91,40,5.75
419,Bentiu,SS,2022-07-31 07:29:08,9.2333,29.8333,72.37,92,100,3.4
420,Kodiak,US,2022-07-31 07:29:08,57.79,-152.4072,58.51,82,100,4.61
421,Dakar,SN,2022-07-31 07:25:08,14.6937,-17.4441,82.53,74,40,4.61
422,Tautira,PF,2022-07-31 07:29:08,-17.7333,-149.15,77.97,73,26,24.47
423,Yinchuan,CN,2022-07-31 07:26:03,38.4681,106.2731,95.11,27,100,4.5
424,Brae,GB,2022-07-31 07:29:09,60.3964,-1.353,53.37,78,100,12.68
425,Tilichiki,RU,2022-07-31 07:29:09,60.4667,166.1,53.1,72,100,4.61
426,Daura,NG,2022-07-31 07:29:09,11.5538,11.4085,72.19,81,66,9.82
427,Mitchell,US,2022-07-31 07:29:10,43.7094,-98.0298,71.58,73,0,11.5
428,Caravelas,BR,2022-07-31 07:29:10,-17.7125,-39.2481,70.75,92,72,6.89
429,Auki,SB,2022-07-31 07:29:10,-8.7676,160.7034,81.73,76,3,4.63
430,Krasnokamensk,RU,2022-07-31 07:29:11,50.0979,118.0369,77.68,57,83,5.01
431,Asau,RO,2022-07-31 07:29:11,46.4333,26.4,65.32,99,100,2.39
432,La Seyne-Sur-Mer,FR,2022-07-31 07:29:11,43.0982,5.8847,87.93,48,0,1.01
433,Badah,PK,2022-07-31 07:29:12,27.3332,68.0135,97.81,48,100,6.6
434,Mackay,AU,2022-07-31 07:27:48,-21.15,149.2,68.68,75,83,14.07
435,Mahibadhoo,MV,2022-07-31 07:29:12,3.7833,72.9667,77.99,86,100,22.28
436,Tomatlan,MX,2022-07-31 07:29:12,19.9333,-105.25,76.96,85,100,3.44
437,Vanavara,RU,2022-07-31 07:29:13,60.34,102.2797,74.39,63,51,3.94
438,Korcula,HR,2022-07-31 07:29:13,42.9622,17.1369,77.47,60,0,4.32
439,Orasac,BA,2022-07-31 07:29:13,44.6289,16.0711,72.82,61,3,2.35
440,Nicoya,CR,2022-07-31 07:29:14,10.1483,-85.452,73.99,91,100,1.59
441,Kerouane,GN,2022-07-31 07:29:14,9.2667,-9.0167,67.95,97,84,2.37
442,Tomohon,ID,2022-07-31 07:29:14,1.3346,124.8392,77.94,97,100,2.62
443,Dehui,CN,2022-07-31 07:29:15,44.5333,125.7,84.38,74,5,8.57
444,Jharsuguda,IN,2022-07-31 07:24:53,21.85,84.0333,93.31,59,75,6.91
445,Cururupu,BR,2022-07-31 07:29:15,-1.8283,-44.8683,73.58,97,70,3.51
446,Samana,DO,2022-07-31 07:29:15,19.2056,-69.3369,79.23,91,95,11.05
447,Broome,US,2022-07-31 07:29:16,42.2506,-75.833,62.37,86,0,1.01
448,Mechetinskaya,RU,2022-07-31 07:29:16,46.7713,40.456,86.97,44,61,13.24
449,Petrivka,UA,2022-07-31 07:29:16,46.9695,30.9591,83.79,30,13,10.96
450,Gyongyospata,HU,2022-07-31 07:29:17,47.815,19.7892,66.52,72,100,17.92
451,Teguise,ES,2022-07-31 07:29:17,29.0605,-13.564,70.02,78,20,13.8
452,Avera,US,2022-07-31 07:29:17,33.194,-82.5271,75.54,86,100,3.42
453,Dumas,US,2022-07-31 07:29:17,35.8656,-101.9732,72.54,88,0,3.44
454,Samarai,PG,2022-07-31 07:29:18,-10.6167,150.6667,80.38,82,21,12.62
455,Sistranda,NO,2022-07-31 07:29:18,63.7256,8.834,58.96,88,100,1.57
456,Narsaq,GL,2022-07-31 07:29:18,60.9167,-46.05,46.62,94,48,3.49
457,Hokitika,NZ,2022-07-31 07:29:19,-42.7167,170.9667,44.67,72,33,3.33
458,Tual,ID,2022-07-31 07:30:19,-5.6667,132.75,79.57,86,86,15.95
459,Mollendo,PE,2022-07-31 07:30:20,-17.0231,-72.0147,56.86,87,16,7.67
460,Indramayu,ID,2022-07-31 07:30:20,-6.3264,108.32,82.81,69,18,9.78
461,Mount Gambier,AU,2022-07-31 07:30:21,-37.8333,140.7667,48.78,92,68,12.19
462,Menzelinsk,RU,2022-07-31 07:30:21,55.7271,53.1026,73.44,57,95,3.85
463,Buriti Dos Lopes,BR,2022-07-31 07:30:21,-3.175,-41.8669,72.07,94,92,5.19
464,Mangawan,IN,2022-07-31 07:30:22,24.6833,81.55,92.62,50,99,8.25
465,Severnyy,RU,2022-07-31 07:30:22,50.677,36.5532,77.04,41,0,4.47
466,Kharan,PK,2022-07-31 07:30:23,28.5833,65.4167,94.26,37,92,8.57
467,Port Lincoln,AU,2022-07-31 07:30:23,-34.7333,135.8667,53.33,68,3,20.62
468,Meadow Lake,US,2022-07-31 07:30:23,34.8014,-106.5436,70.68,54,99,1.5
469,Malanje,AO,2022-07-31 07:30:23,-9.5402,16.341,71.67,44,0,5.44
470,Dali,CN,2022-07-31 07:30:24,25.7,100.1833,63.45,93,98,3.02
471,Shahrud,IR,2022-07-31 07:30:24,36.4182,54.9763,83.8,16,0,7.78
472,Chapais,CA,2022-07-31 07:30:24,49.7834,-74.8492,60.58,88,99,4.38
473,Sanford,US,2022-07-31 07:30:25,28.8006,-81.2731,80.11,90,0,0.0
474,Srednekolymsk,RU,2022-07-31 07:30:25,67.45,153.6833,73.71,27,57,9.31
475,Luderitz,NA,2022-07-31 07:30:26,-26.6481,15.1594,55.94,58,0,13.04
476,San Cristobal,VE,2022-07-31 07:30:26,7.7669,-72.225,73.58,98,67,2.84
477,Adrar,MR,2022-07-31 07:30:26,20.5022,-10.0711,84.15,55,8,10.67
478,Indianola,US,2022-07-31 07:30:27,41.3581,-93.5574,68.97,77,92,7.7
479,Osecina,RS,2022-07-31 07:30:27,44.3731,19.6014,75.02,55,0,8.21
480,Gotsu,JP,2022-07-31 07:30:27,35.0,132.2167,84.0,71,100,7.31
481,Sao Carlos,BR,2022-07-31 07:30:28,-22.0175,-47.8908,51.37,58,1,4.7
482,Pacific Grove,US,2022-07-31 07:30:28,36.6177,-121.9166,62.82,89,40,3.44
483,Funadhoo,MV,2022-07-31 07:30:28,6.15,73.2667,79.21,82,100,22.46
484,Pouebo,NC,2022-07-31 07:30:29,-20.4,164.5667,70.72,77,98,10.54
485,Bata,GQ,2022-07-31 07:30:29,1.8639,9.7658,77.77,78,31,8.28
486,Gazanjyk,TM,2022-07-31 07:30:29,39.2446,55.5154,95.49,29,20,9.71
487,Kamaishi,JP,2022-07-31 07:30:30,39.2667,141.8833,81.79,74,27,0.51
488,Aransas Pass,US,2022-07-31 07:30:30,27.9095,-97.15,84.24,83,0,13.8
489,Wilkie,CA,2022-07-31 07:30:30,52.4168,-108.7014,61.18,96,33,5.91
490,Kadoshkino,RU,2022-07-31 07:30:31,54.0257,44.4191,70.66,50,9,7.23
491,Santa Lucia,ES,2022-07-31 07:30:31,27.9117,-15.5407,65.52,73,20,26.46
492,Along,IN,2022-07-31 07:30:31,28.1667,94.7667,76.41,99,100,1.61
493,Tahta,EG,2022-07-31 07:30:32,26.7693,31.5021,94.87,18,1,12.97
494,Sorong,ID,2022-07-31 07:30:32,-0.8833,131.25,83.89,73,78,2.37
495,Osinovo,RU,2022-07-31 07:30:32,55.8809,48.881,75.29,58,13,5.91
496,Knysna,ZA,2022-07-31 07:30:33,-34.0363,23.0471,55.06,69,23,9.95
497,Saint-Joseph,RE,2022-07-31 07:30:33,-21.3667,55.6167,75.58,70,20,11.7
498,Sur,OM,2022-07-31 07:28:13,22.5667,59.5289,92.8,52,17,10.18
499,Jishui,CN,2022-07-31 07:30:33,33.7333,115.4,91.27,56,37,2.71
500,Prado,BR,2022-07-31 07:30:34,-17.3411,-39.2208,70.52,91,64,2.95
501,Alice Springs,AU,2022-07-31 07:31:34,-23.7,133.8833,72.95,21,100,9.22
502,Inegol,TR,2022-07-31 07:31:34,40.0781,29.5133,76.28,46,1,7.36
503,Tukrah,LY,2022-07-31 07:31:35,32.5341,20.5791,84.43,58,0,8.88
504,Byron Bay,AU,2022-07-31 07:31:35,-28.65,153.6167,60.76,73,94,8.79
505,Xapuri,BR,2022-07-31 07:31:35,-10.6517,-68.5044,67.19,72,8,2.37
506,Ewa Beach,US,2022-07-31 07:31:36,21.3156,-158.0072,80.55,71,0,15.01
507,Solnechnyy,RU,2022-07-31 07:31:36,50.7214,136.6319,77.68,61,67,4.43
508,Parys,FR,2022-07-31 07:30:40,48.8534,2.3488,72.25,75,40,9.22
509,Goure,NE,2022-07-31 07:31:36,13.9835,10.2704,76.01,57,90,10.18
510,Jiazi,CN,2022-07-31 07:31:36,22.8779,116.067,88.3,71,60,16.22
511,Dudinka,RU,2022-07-31 07:31:37,69.4058,86.1778,51.62,53,85,22.93
512,Topchikha,RU,2022-07-31 07:31:37,52.8192,83.1185,82.99,40,75,6.51
513,Savannah Bight,HN,2022-07-31 07:31:37,16.45,-85.85,82.56,78,38,19.8
514,Svetlaya,RU,2022-07-31 07:31:38,46.5389,138.3297,64.49,94,100,7.94
515,East Stroudsburg,US,2022-07-31 07:31:38,40.9995,-75.1813,66.81,88,0,3.11
516,Mareeba,AU,2022-07-31 07:31:38,-17.0,145.4333,70.52,77,66,4.9
517,Sabla,NG,2022-07-31 07:31:39,12.7525,4.7077,78.58,76,85,1.12
518,Aykhal,RU,2022-07-31 07:31:39,66.0,111.5,69.37,75,100,15.05
519,Muzhi,RU,2022-07-31 07:31:39,65.3667,64.6667,67.24,40,7,10.83
520,Laguna,US,2022-07-31 07:31:40,38.421,-121.4238,74.17,76,0,9.22
521,Ambon,ID,2022-07-31 07:31:40,-3.6954,128.1814,78.94,89,40,2.3
522,Mabalacat,PH,2022-07-31 07:30:56,15.2167,120.55,87.87,70,75,13.8
523,Eureka,US,2022-07-31 07:31:40,40.8021,-124.1637,61.66,89,98,1.74
524,Riverton,US,2022-07-31 07:30:06,40.5219,-111.9391,79.3,45,0,8.99
525,Ruteng,ID,2022-07-31 07:31:41,-8.6136,120.4721,68.63,75,75,1.21
526,Chernyshevskiy,RU,2022-07-31 07:31:41,63.0128,112.4714,77.86,42,17,6.35
527,Petropavlovsk-Kamchatskiy,RU,2022-07-31 07:31:15,53.0452,158.6483,57.79,77,75,8.95
528,Bataipora,BR,2022-07-31 07:31:42,-22.2953,-53.2711,55.36,39,0,3.91
529,Wahiawa,US,2022-07-31 07:31:42,21.5028,-158.0236,77.32,74,100,5.75
530,Half Moon Bay,US,2022-07-31 07:31:42,37.4636,-122.4286,65.05,90,100,11.5
531,West Wendover,US,2022-07-31 07:31:43,40.7391,-114.0733,87.01,11,0,10.36
532,Champerico,GT,2022-07-31 07:31:43,14.3,-91.9167,79.3,82,88,5.88
533,Shache,CN,2022-07-31 07:31:43,38.4167,77.2406,92.23,18,100,12.57
534,Rock Sound,BS,2022-07-31 07:31:44,24.9,-76.2,82.51,72,19,17.63
535,Zhezkazgan,KZ,2022-07-31 07:31:44,47.8043,67.7144,76.98,44,75,8.95
536,Belmonte,BR,2022-07-31 07:31:44,-15.8631,-38.8828,73.02,87,31,6.35
537,Nhulunbuy,AU,2022-07-31 07:31:45,-12.2333,136.7667,81.21,69,75,14.97
538,Divnoye,RU,2022-07-31 07:31:45,45.9089,43.3547,92.95,30,3,9.95
539,Xuddur,SO,2022-07-31 07:31:45,4.1213,43.8894,84.25,41,7,23.17
540,Santa Cruz De La Palma,ES,2022-07-31 07:28:18,28.6835,-17.7642,71.74,78,75,12.66
541,Suntar,RU,2022-07-31 07:31:46,62.1444,117.6319,81.3,42,100,6.93
542,Muravlenko,RU,2022-07-31 07:31:46,63.7898,74.523,64.6,41,0,19.42
543,Paka,MY,2022-07-31 07:31:47,4.6374,103.4368,85.98,79,20,3.44
544,Roald,NO,2022-07-31 07:31:47,62.5833,6.1333,59.16,94,100,5.75
545,Soe,ID,2022-07-31 07:32:48,-9.8607,124.284,75.4,58,57,9.42
546,Carutapera,BR,2022-07-31 07:32:48,-1.195,-46.02,75.38,94,26,5.19
547,Ilebo,CD,2022-07-31 07:32:48,-4.3167,20.5833,87.33,40,0,4.43
548,Makat,KZ,2022-07-31 07:32:49,47.6469,53.3463,90.45,24,52,9.22
549,Waw,SS,2022-07-31 07:32:49,7.7029,27.9953,75.06,81,100,5.3
550,Boguchany,RU,2022-07-31 07:32:49,58.3814,97.4531,76.37,81,39,5.79
551,Sawang Daen Din,TH,2022-07-31 07:32:50,17.4753,103.4575,85.17,99,100,1.03
552,Wanning,CN,2022-07-31 07:32:50,18.8003,110.3967,85.68,76,66,7.72
553,Sambava,MG,2022-07-31 07:32:50,-14.2667,50.1667,73.27,77,61,11.03
554,Kavaratti,IN,2022-07-31 07:32:51,10.5669,72.642,80.96,81,100,21.3
555,West Bay,KY,2022-07-31 07:32:51,19.3667,-81.4167,82.99,82,100,1.01
556,Nouadhibou,MR,2022-07-31 07:32:51,20.931,-17.0347,71.58,88,20,5.75
557,Jamnagar,IN,2022-07-31 07:28:04,22.4667,70.0667,86.83,62,88,17.07
558,Abu Zabad,SD,2022-07-31 07:32:52,12.35,29.25,79.59,71,94,17.94
559,Komsomolskiy,UZ,2022-07-31 07:32:52,40.4272,71.7189,90.32,18,6,11.5
560,Bud,US,2022-07-31 07:32:52,39.447,-86.1758,69.31,87,100,4.38
561,Catamarca,AR,2022-07-31 07:30:48,-28.4696,-65.7852,55.78,58,0,1.01
562,Otofuke,JP,2022-07-31 07:32:53,42.9917,143.2003,88.75,76,56,13.29
563,Pogar,RU,2022-07-31 07:32:53,52.554,33.2591,71.53,59,100,5.08
564,Porto Santo,PT,2022-07-31 07:32:54,33.072,-16.3415,70.18,73,75,10.36
565,Yar-Sale,RU,2022-07-31 07:32:54,66.8333,70.8333,64.29,46,7,11.27
566,Nadbai,IN,2022-07-31 07:32:54,27.2333,77.2,95.45,41,99,13.53
567,Amuntai,ID,2022-07-31 07:32:55,-2.4177,115.2494,74.46,98,100,2.42
568,Berezovyy,RU,2022-07-31 07:32:55,51.6667,135.7,78.75,62,42,5.95
569,San Jose,US,2022-07-31 07:32:20,37.3394,-121.895,65.26,83,75,4.61
570,Jagannathpur,IN,2022-07-31 07:32:56,22.2333,85.65,89.83,56,98,5.17
571,Taree,AU,2022-07-31 07:32:56,-31.9,152.4667,57.11,71,100,7.96
572,Willowmore,ZA,2022-07-31 07:32:57,-33.2926,23.4895,45.0,64,31,9.66
573,Lazaro Cardenas,MX,2022-07-31 07:32:57,17.9583,-102.2,77.36,82,95,2.86
574,Dicabisagan,PH,2022-07-31 07:32:58,17.0818,122.4157,84.85,81,98,7.49
575,Yorosso,ML,2022-07-31 07:32:58,12.3536,-4.7761,77.58,70,43,4.32
576,Longhua,CN,2022-07-31 07:32:59,23.6137,114.1919,94.62,47,54,2.71
577,Lokosovo,RU,2022-07-31 07:32:59,61.1333,74.8167,68.63,41,100,14.81
578,Esmeraldas,BR,2022-07-31 07:32:59,-19.7625,-44.3139,62.91,80,4,4.29
579,Theodoriana,GR,2022-07-31 07:33:00,39.4356,21.21,73.08,28,0,2.64
580,Samandag,TR,2022-07-31 07:33:00,36.0842,35.9771,86.52,54,0,8.84
581,Masterton,NZ,2022-07-31 07:33:00,-40.9597,175.6575,41.88,93,71,3.98
582,Ambilobe,MG,2022-07-31 07:33:00,-13.2,49.05,88.63,29,0,7.02
583,La Asuncion,VE,2022-07-31 07:33:01,11.0333,-63.8628,87.53,74,82,8.05
584,Pemangkat,ID,2022-07-31 07:33:01,1.1667,108.9667,79.18,79,100,6.76
585,Roma,US,2022-07-31 07:33:02,43.2128,-75.4557,59.86,95,0,0.0
586,Smithers,CA,2022-07-31 07:33:02,54.7804,-127.1743,70.12,73,0,3.44
587,Ojinaga,MX,2022-07-31 07:33:02,29.5667,-104.4167,87.42,39,75,4.61
588,Cairns,AU,2022-07-31 07:31:41,-16.9167,145.7667,75.15,71,100,14.97
589,Novo Aripuana,BR,2022-07-31 07:34:03,-5.1206,-60.3797,71.1,85,43,2.46
590,Malpe,IN,2022-07-31 07:34:03,13.35,74.7167,87.1,74,41,13.67
591,Sijunjung,ID,2022-07-31 07:34:04,-0.6876,100.9537,91.81,46,36,2.37
592,Vredendal,ZA,2022-07-31 07:34:04,-31.6683,18.5012,53.62,61,0,4.07
593,Waingapu,ID,2022-07-31 07:34:05,-9.6567,120.2641,82.11,61,79,14.36
594,Dalen,NL,2022-07-31 07:34:05,52.6992,6.7556,69.03,75,100,5.99
595,Matagami,CA,2022-07-31 07:34:06,49.7502,-77.6328,60.91,94,100,4.61
596,Douentza,ML,2022-07-31 07:34:06,14.9951,-2.9517,83.95,55,8,8.68
597,Harindanga,IN,2022-07-31 07:34:06,22.0383,88.3214,92.35,57,100,14.65
598,Sorland,NO,2022-07-31 07:34:07,67.667,12.6934,60.66,84,100,8.61
599,Kabanjahe,ID,2022-07-31 07:34:07,3.1001,98.4908,74.35,75,86,2.37
600,Plettenberg Bay,ZA,2022-07-31 07:34:07,-34.0527,23.3716,54.46,69,39,11.54
601,Vigrestad,NO,2022-07-31 07:34:08,58.5667,5.7,60.96,91,100,6.76
602,Vila Velha,BR,2022-07-31 07:34:08,-20.3297,-40.2925,69.75,68,100,2.3
603,Altay,CN,2022-07-31 07:29:21,47.8667,88.1167,84.13,28,98,13.35
604,Ullapool,GB,2022-07-31 07:34:08,57.8987,-5.1604,54.36,70,99,4.99
605,Labrea,BR,2022-07-31 07:34:09,-7.2586,-64.7981,70.97,65,70,2.59
606,Messina,IT,2022-07-31 07:34:09,38.1933,15.5497,87.57,70,40,10.36
607,Orangeburg,US,2022-07-31 07:34:09,33.4918,-80.8557,77.29,93,75,4.61
608,Bilibino,RU,2022-07-31 07:34:10,68.0546,166.4372,63.34,44,45,6.91
609,Peniche,PT,2022-07-31 07:34:10,39.3558,-9.3811,72.09,79,0,4.56
610,Pachmarhi,IN,2022-07-31 07:34:10,22.4667,78.4333,78.78,67,66,8.3
611,Griffith,US,2022-07-31 07:34:11,41.5284,-87.4237,71.89,88,75,0.0
612,Juba,SS,2022-07-31 07:34:11,4.8517,31.5825,74.64,78,96,0.34
613,Conceicao Do Araguaia,BR,2022-07-31 07:34:12,-8.2578,-49.2647,68.36,50,0,0.54
614,Port Keats,AU,2022-07-31 07:34:12,-14.25,129.55,85.82,30,100,9.26
615,Okhotsk,RU,2022-07-31 07:34:13,59.3833,143.3,58.73,89,100,11.95
616,Svetlogorsk,BY,2022-07-31 07:34:13,52.6333,29.7333,74.19,53,100,10.18
617,Antofagasta,CL,2022-07-31 07:34:14,-23.65,-70.4,56.48,79,20,6.46
618,Nouakchott,MR,2022-07-31 07:34:14,18.0858,-15.9785,76.93,81,91,7.38
619,Great Yarmouth,GB,2022-07-31 07:32:09,52.6083,1.7305,67.44,93,100,14.38
620,Paamiut,GL,2022-07-31 07:34:15,61.994,-49.6678,42.94,92,98,8.3
621,Ostersund,SE,2022-07-31 07:34:15,63.1792,14.6357,71.62,63,0,6.91
622,Danshui,CN,2022-07-31 07:34:15,22.7984,114.4672,92.84,55,88,7.18
623,Skaudvile,LT,2022-07-31 07:34:16,55.4167,22.6167,60.21,71,100,9.82
624,Nadym,RU,2022-07-31 07:34:16,65.5333,72.5167,64.78,41,5,17.85
625,Victoria Point,AU,2022-07-31 07:34:16,-27.5833,153.3,64.15,69,100,8.7
626,Awash,ET,2022-07-31 07:34:17,8.9833,40.1667,86.85,38,71,13.98
627,Milkovo,RU,2022-07-31 07:34:17,54.7167,158.6167,55.8,90,96,2.93
628,Birjand,IR,2022-07-31 07:34:18,32.8663,59.2211,91.87,19,20,6.91
629,Geraldton,AU,2022-07-31 07:34:18,-28.7667,114.6,63.01,55,100,10.36
630,Kaeo,NZ,2022-07-31 07:34:18,-35.1,173.7833,47.32,83,6,5.17
631,Tonj,SS,2022-07-31 07:34:19,7.2737,28.6822,75.4,77,100,4.52
632,Kallaste,EE,2022-07-31 07:34:19,58.655,27.1592,66.43,56,10,1.83
633,Sao Jose Da Coroa Grande,BR,2022-07-31 07:34:19,-8.8978,-35.1478,75.51,84,97,7.92
634,Rio Gallegos,AR,2022-07-31 07:31:36,-51.6226,-69.2181,37.45,56,0,13.8
635,Linares,CL,2022-07-31 07:32:54,-35.85,-71.6,43.99,90,22,1.68
636,Yining,CN,2022-07-31 07:34:20,29.0361,114.5636,89.62,59,79,1.66
637,Yeysk,RU,2022-07-31 07:35:20,46.6989,38.2792,84.22,50,1,13.4
638,Nome,US,2022-07-31 07:31:44,64.5011,-165.4064,57.27,72,0,3.44
639,Flinders,AU,2022-07-31 07:34:17,-34.5833,150.8552,59.38,67,100,7.0
640,Camacha,PT,2022-07-31 07:32:16,33.0833,-16.3333,67.42,73,75,10.36
641,Druzhinino,RU,2022-07-31 07:35:21,56.7895,59.5143,70.54,69,100,5.23
642,Warrnambool,AU,2022-07-31 07:35:21,-38.3833,142.4833,51.48,72,73,21.43
643,Kayan,MM,2022-07-31 07:35:22,16.9056,96.5631,86.14,67,100,5.12
644,Kang,BW,2022-07-31 07:35:22,-23.6752,22.7876,63.21,21,44,9.06
645,Noumea,NC,2022-07-31 07:35:22,-22.2763,166.4572,71.01,99,99,16.96
646,Nokaneng,BW,2022-07-31 07:35:23,-19.6667,22.2667,71.56,17,0,4.72
647,Rio Grande,BR,2022-07-31 07:35:23,-32.035,-52.0986,50.23,79,69,6.38
648,Saint-Paul,RE,2022-07-31 07:35:23,-21.0096,55.2707,77.11,63,15,1.83
649,Chenzhou,CN,2022-07-31 07:35:24,25.8,113.0333,98.38,33,20,2.37
650,Los Llanos De Aridane,ES,2022-07-31 07:35:24,28.6585,-17.9182,67.75,76,75,12.66
651,Balabac,PH,2022-07-31 07:35:24,7.9868,117.0645,84.96,67,100,5.5
652,Bintulu,MY,2022-07-31 07:34:48,3.1667,113.0333,84.61,79,40,5.75
653,Phuket,TH,2022-07-31 07:32:04,8.0,98.25,89.1,79,75,14.97
654,Matamoros,MX,2022-07-31 07:35:25,25.5333,-103.25,80.33,32,100,7.85
655,Pangkalanbuun,ID,2022-07-31 07:35:25,-2.6833,111.6167,81.43,73,98,4.07
656,Kudahuvadhoo,MV,2022-07-31 07:35:26,2.6708,72.8944,78.46,85,100,25.7
657,Isangel,VU,2022-07-31 07:35:26,-19.55,169.2667,72.7,86,100,9.75
658,Guilin,CN,2022-07-31 07:35:26,25.2819,110.2864,93.31,41,36,4.45
659,Carballo,ES,2022-07-31 07:35:26,43.213,-8.691,70.02,89,16,7.23
660,Oranjemund,NA,2022-07-31 07:35:27,-28.55,16.4333,55.4,56,5,10.33
661,Waipawa,NZ,2022-07-31 07:35:27,-41.4122,175.5153,40.91,80,58,9.62
662,Altamira,BR,2022-07-31 07:35:27,-3.2033,-52.2064,71.76,98,98,3.18
663,Okaihau,NZ,2022-07-31 07:35:28,-35.3167,173.7833,44.51,83,6,3.36
664,Moses Lake,US,2022-07-31 07:30:56,47.1301,-119.2781,90.28,21,0,4.61
665,Pevek,RU,2022-07-31 07:35:28,69.7008,170.3133,47.71,64,1,3.6
666,North Bend,US,2022-07-31 07:35:28,43.4065,-124.2243,61.25,97,100,3.44
667,Coutances,FR,2022-07-31 07:35:29,49.05,-1.4333,68.0,80,65,11.45
668,Ust-Maya,RU,2022-07-31 07:35:29,60.4167,134.5333,82.02,48,22,2.89
669,Naze,JP,2022-07-31 07:35:30,28.3667,129.4833,81.52,88,91,28.41
670,Sinjar,IQ,2022-07-31 07:35:30,36.3209,41.8754,104.68,7,0,3.42
671,Lazarev,RU,2022-07-31 07:35:30,52.225,141.5131,63.73,66,99,7.18
672,Ararat,AM,2022-07-31 07:35:31,39.8317,44.7049,86.34,29,12,3.04
673,Mingaora,PK,2022-07-31 07:34:17,34.7758,72.3625,82.99,69,31,6.42
674,Tsumeb,NA,2022-07-31 07:35:31,-19.2333,17.7167,66.99,21,41,7.72
675,Vestmanna,FO,2022-07-31 07:35:31,62.1564,-7.1664,50.92,76,75,16.11
676,Baglan,AF,2022-07-31 07:35:32,36.1307,68.7083,97.9,19,30,9.53
677,Samfya,ZM,2022-07-31 07:35:32,-11.3649,29.5565,72.28,35,6,6.58
678,Bambanglipuro,ID,2022-07-31 07:35:32,-7.95,110.2833,80.47,73,59,12.59
679,Skjervoy,NO,2022-07-31 07:35:33,70.0311,20.9714,55.4,68,100,5.12
680,Manzanillo,CU,2022-07-31 07:35:33,20.3433,-77.1167,73.87,90,0,8.28
681,Cacu,BR,2022-07-31 07:35:33,-18.5567,-51.1308,64.31,51,19,2.86
682,Groningen,NL,2022-07-31 07:35:34,53.25,6.75,70.03,70,100,8.05
683,Chicama,PE,2022-07-31 07:36:34,-7.8447,-79.1469,57.74,91,33,3.02
684,Southbridge,US,2022-07-31 07:34:44,42.0751,-72.0334,65.21,91,0,3.56
685,Mehamn,NO,2022-07-31 07:36:35,71.0357,27.8492,51.75,100,100,5.75
686,Sakakah,SA,2022-07-31 07:36:35,29.9697,40.2064,96.37,8,5,7.43
687,Ranau,MY,2022-07-31 07:36:35,5.9538,116.6641,76.98,89,83,1.25
688,Mountain Home,US,2022-07-31 07:36:36,43.133,-115.6912,72.88,27,0,6.91
689,Abu Dhabi,AE,2022-07-31 07:36:36,24.4667,54.3667,102.31,35,0,8.05
690,Port Hardy,CA,2022-07-31 07:36:36,50.6996,-127.4199,60.98,94,0,4.61
691,Aksarka,RU,2022-07-31 07:36:37,66.5606,67.7975,64.72,44,9,9.1
692,Arona,ES,2022-07-31 07:36:37,28.0996,-16.681,73.9,62,40,6.91
693,Boende,CD,2022-07-31 07:36:37,-0.2167,20.8667,84.24,56,71,3.67
694,Berbera,SO,2022-07-31 07:36:38,10.4396,45.0143,97.66,33,5,21.79
695,Aljezur,PT,2022-07-31 07:36:38,37.3191,-8.8033,78.8,48,0,0.07
696,Wajir,KE,2022-07-31 07:36:38,1.7471,40.0573,84.65,45,21,19.77
697,Santa Isabel,BR,2022-07-31 07:36:38,-23.3156,-46.2214,54.7,98,32,2.42
